{
  "url": "https://createathon.co",
  "timestamp": "2025-12-05T13:12:58.948172",
  "config": {
    "depth": 2,
    "max_rate": 0,
    "max_size": 0,
    "max_time": 0,
    "connections": 4,
    "retries": 2,
    "timeout": 30,
    "user_agent": "Mozilla/5.0 (compatible; HTTrack)",
    "accept_cookies": true,
    "follow_robots": true,
    "parse_java": true,
    "get_images": true,
    "get_videos": true,
    "get_audio": true,
    "external_depth": 0,
    "stay_on_domain": true,
    "update_existing": false,
    "verbose": true
  },
  "command": "httrack https://createathon.co -O scraped_websites/createathon.co_20251205_131258 -r2 %e0 -a -D -c4 -T30 -R2 -s2 -b1 -j -v -FMozilla/5.0 (compatible; HTTrack) -N0 -K0 -o -%P"
}